Dice Score,IoU,Precision,Recall,F1 Score,Accuracy,MAE,MSE,BCE Loss,Dice Loss,Prediction Time
0.9621766066249797,0.9298707861266354,0.9764495680080911,0.9504574458158427,0.9621766016301624,0.9926790642247871,0.00732093560462654,0.00732093560462654,0.03031782306239151,0.037823393425029904,0.005992124981456705,166.8857046698143
