Dice Score,IoU,Precision,Recall,F1 Score,Accuracy,MAE,MSE,BCE Loss,Dice Loss,Prediction Time
0.9630378433279674,0.9319600625242248,0.9633154335376125,0.9656390796125771,0.9630378383343039,0.9929391346274461,0.007060865217743173,0.007060865217743173,0.032428997382802006,0.0369621561629893,0.003517235575521405,284.31419463615464
