Dice Score,IoU,Precision,Recall,F1 Score,Accuracy,MAE,MSE,BCE Loss,Dice Loss,Prediction Time
0.8976447333266765,0.8287082515686263,0.9425085108947603,0.8752714457605605,0.8976447284013492,0.9953253600823045,0.00467463985842187,0.00467463985842187,0.017406352912075818,0.10235527157783508,0.03639596700668335,8.951752293044416
