Dice Score,IoU,Precision,Recall,F1 Score,Accuracy,MAE,MSE,BCE Loss,Dice Loss,Prediction Time
0.8755675742639945,0.7960943340367265,0.9129558389913187,0.8667460647505867,0.87556756936686,0.9937763631687243,0.006223636766662821,0.006223636766662821,0.021094530316380162,0.12443243463834126,0.02535271644592285,8.575892631227052
