Dice Score,IoU,Precision,Recall,F1 Score,Accuracy,MAE,MSE,BCE Loss,Dice Loss,Prediction Time
0.8831013921711847,0.8122990800807361,0.9502473702911711,0.8522145445777762,0.8831013873000622,0.9951697530864196,0.004830246902808237,0.004830246902808237,0.02036263204839391,0.11689861118793488,0.023635367552439373,14.518709714640108
