Dice Score,IoU,Precision,Recall,F1 Score,Accuracy,MAE,MSE,BCE Loss,Dice Loss,Prediction Time
0.9086755059033536,0.8402349024687751,0.9437530523284896,0.8849120922946732,0.9086755009368231,0.99542566872428,0.004574331353069283,0.004574331353069283,0.017255912922943633,0.09132449328899384,0.02655138572057088,15.558844386356148
