Dice Score,IoU,Precision,Recall,F1 Score,Accuracy,MAE,MSE,BCE Loss,Dice Loss,Prediction Time
0.9634618947865119,0.9320657915198732,0.9680890629384383,0.9612361390949004,0.9634618897913703,0.9928408805820385,0.007159119260338977,0.007159119260338977,0.03277603373617472,0.03653810491408766,0.005565505977617217,79.28126876845867
