Dice Score,IoU,Precision,Recall,F1 Score,Accuracy,MAE,MSE,BCE Loss,Dice Loss,Prediction Time
0.9617909257552532,0.9289590279925811,0.9691054377935838,0.9568972998855796,0.9617909207600769,0.9926182262920213,0.007381773541171648,0.007381773541171648,0.02956431018206353,0.03820907381749668,0.006965971447628345,69.36129338389551
